{"name":"__MSG_name__","description":"__MSG_description__","default_locale":"en","version":"2.3.5","manifest_version":2,"icons":{"16":"static/monicaLogo.png","32":"static/monicaLogo.png","48":"static/monicaLogo.png","128":"static/monicaLogo.png"},"browser_action":{"default_icon":{"16":"static/monicaLogo.png","32":"static/monicaLogo.png","48":"static/monicaLogo.png","128":"static/monicaLogo.png"},"default_popup":"monicaPopup.html"},"permissions":["storage","scripting"],"background":{"scripts":["background.js"]},"content_scripts":[{"js":["content.js"],"matches":["<all_urls>"],"run_at":"document_start"}],"web_accessible_resources":["content.css","content.js","static/*"]}